stock,Onay,Hisse Adı,Sektör,id,Halka Arz Tarihi,İlk İşlem Tarihi
A1CAP,Katılım Endeksine Uygun Değildir,A1 Capital,Aracı Kurumlar,155430255,2023-06-09,
A1YEN,Katılım Endeksine Uygun Değildir,Kartal Yenilenebili Enerji,Elektrik Üretim,125137951,2021-07-12,
ACSEL,Katılım Endeksine Uygundur,Acıselsan Acıpayam Selüloz,Kimyasal Ürün,64308569,,2012-07-06
ADEL,Katılım Endeksine Uygun Değildir,Adel Kalemcilik,Kırtasiye,9938297,1996-06-06,1996-06-17
ADESE,Katılım Endeksine Uygun Değildir,Adese AVM,GYO,64308327,2011-10-27,
ADGYO,Katılım Endeksine Uygun Değildir,Adra GYO,GYO,159194897,2023-09-15,2023-09-20
AEFES,Katılım Endeksine Uygun Değildir,Anadolu Efes,Meşrubat / İçecek,6491715,2000-07-24,2000-07-28
AFYON,Katılım Endeksine Uygun Değildir,Afyon Çimento,Çimento,64303175,1991-03-27,1991-03-27
AGESA,Katılım Endeksine Uygun Değildir,Agesa Hayat ve Emeklilik,Sigorta,20708156,2014-11-07,
AGHOL,Katılım Endeksine Uygun Değildir,Anadolu Grubu Holding,Holdingler,6495604,2000-02-10,2000-02-17
AGROT,Katılım Endeksine Uygun Değildir,Agrotech Yüksek Teknoloji,Diğer,161917074,2023-11-23,
AGYO,Katılım Endeksine Uygun Değildir,Atakule GYO,GYO,64303958,2002-02-07,2002-02-14
AHGAZ,Katılım Endeksine Uygun Değildir,Ahlatçı Doğalgaz,Elektrik - Doğalgaz Dağıtım,148115454,2022-12-16,2022-12-22
AHSGY,Katılım Endeksine Uygundur,Ahes GYO,GYO,174538064,,2024-08-29
AKBNK,Katılım Endeksine Uygun Değildir,Akbank,Bankacılık,6492714,1990-07-26,1990-07-26
AKCNS,Katılım Endeksine Uygun Değildir,Akçansa,Çimento,6494499,1996-10-01,1996-09-30
AKENR,Katılım Endeksine Uygun Değildir,Akenerji,Elektrik Üretim,6495165,2000-06-28,
AKFGY,Katılım Endeksine Uygun Değildir,Akfen GYO,GYO,64308214,2011-05-06,2011-05-11
AKFIS,Katılım Endeksine Uygun Değildir,Akfen İnşaat,İnşaat- Taahhüt,181275343,2025-01-23,
AKFYE,Katılım Endeksine Uygundur,Akfen Yenilenebilir Enerji,Elektrik Üretim,151680380,2023-03-10,2023-03-16
AKGRT,Katılım Endeksine Uygun Değildir,Aksigorta,Sigorta,6491712,1994-11-23,1994-11-23
AKMGY,Katılım Endeksine Uygun Değildir,Akmerkez GYO,GYO,64304822,2005-04-15,2005-04-15
AKSA,Katılım Endeksine Uygundur,Aksa,Endüstriyel Tekstil,6495178,1986-09-22,1986-01-13
AKSEN,Katılım Endeksine Uygun Değildir,Aksa Enerji,Elektrik Üretim,6914251,2010-05-14,2010-05-21
AKSGY,Katılım Endeksine Uygun Değildir,Akis GYO,GYO,64310108,,2013-01-09
AKSUE,Katılım Endeksine Uygun Değildir,Aksu Enerji,Elektrik Üretim,64303676,1999-12-23,
AKYHO,Katılım Endeksine Uygundur,Akdeniz Yatırım Holding,Holdingler,120969718,,2012-07-03
ALARK,Katılım Endeksine Uygun Değildir,Alarko Holding,Holdingler,6495318,1974-01-01,1974-01-01
ALBRK,Katılım Endeksine Uygundur,Albaraka Türk,Bankacılık,6499760,2007-06-22,
ALCAR,Katılım Endeksine Uygun Değildir,Alarko Carrier,Dayanıklı Tüketim,64302944,1992-01-27,1992-01-27
ALCTL,Katılım Endeksine Uygundur,Alcatel Teletaş,İletişim Cihazları,6500508,1988-03-22,
ALFAS,Katılım Endeksine Uygun Değildir,Alfa Solar,Elektrik Enerji Ürt.Teçh/Tesis Kurulum,146653452,2022-11-11,2022-11-16
ALGYO,Katılım Endeksine Uygun Değildir,Alarko GYO,GYO,6494281,1996-12-19,1996-12-13
ALKA,Katılım Endeksine Uygundur,Alkim Kağıt,Kağıt Ürünleri,9938466,2000-10-26,
ALKIM,Katılım Endeksine Uygundur,Alkim,Kimyasal Ürün,6491713,2000-02-24,2000-03-02
ALKLC,Katılım Endeksine Uygundur,Altınkılıç Gıda,Gıda,170587779,,2024-06-04
ALTNY,Katılım Endeksine Uygundur,Altınay Savunma,Savunma,169916930,,2024-05-16
ALVES,Katılım Endeksine Uygundur,Alves Kablo,Kablo,166086387,,2024-02-29
ANELE,Katılım Endeksine Uygun Değildir,Anel Elektrik,İnşaat Malzemeleri,8384442,2010-06-11,2010-06-16
ANGEN,Katılım Endeksine Uygundur,Anatolia Biyoteknoloji,Sağlık ve İlaç,128249958,2021-10-15,
ANHYT,Katılım Endeksine Uygun Değildir,Anadolu Hayat Emeklilik A.Ş.,Sigorta,6495356,2000-02-11,2000-02-24
ANSGR,Katılım Endeksine Uygun Değildir,Anadolu Sigorta,Sigorta,6494282,1993-10-11,1993-10-25
ARASE,Katılım Endeksine Uygundur,Doğu Aras Enerji,Elektrik - Doğalgaz Dağıtım,129330227,2021-11-11,2021-11-11
ARCLK,Katılım Endeksine Uygun Değildir,Arçelik,Dayanıklı Tüketim,6494481,1986-01-21,1986-01-21
ARDYZ,Katılım Endeksine Uygundur,ARD Grup Bilişim,Teknoloji,120976300,2020-01-30,2020-02-06
ARENA,Katılım Endeksine Uygun Değildir,Arena Bilgisayar,Bilgisayar Toptancılığı,64303859,2000-10-26,2000-11-02
ARMGD,Katılım Endeksine Uygun Değildir,Armada Gıda,Gıda,19475876,2025-01-03,
ARSAN,Katılım Endeksine Uygun Değildir,Arsan Tekstil,Tekstil Entegre,9938461,1998-06-25,1998-06-25
ARTMS,Katılım Endeksine Uygun Değildir,Artemis Halı,Tekstil Entegre,166446328,2024-03-04,
ARZUM,Katılım Endeksine Uygun Değildir,Arzum Ev Aletleri,Dayanıklı Tüketim,120976822,2020-12-18,
ASELS,Katılım Endeksine Uygundur,Aselsan,Savunma,6500522,1990-08-01,1990-06-01
ASGYO,Katılım Endeksine Uygun Değildir,Asce GYO,GYO,157758987,2023-08-03,2023-08-03
ASTOR,Katılım Endeksine Uygun Değildir,Astor Enerji,Elektrik Enerji Ürt.Teçh/Tesis Kurulum,148814695,2023-01-13,2023-01-17
ASUZU,Katılım Endeksine Uygun Değildir,Anadolu Isuzu,Otomotiv,64303286,1997-04-03,1997-04-10
ATAGY,Katılım Endeksine Uygun Değildir,Ata GYO,GYO,64304011,1997-10-01,1997-10-09
ATAKP,Katılım Endeksine Uygundur,Atakey Patates,Gıda,157133365,2023-07-21,
ATATP,Katılım Endeksine Uygundur,ATP Bilgisayar,Teknoloji,124598717,2021-05-28,2021-06-04
ATEKS,Katılım Endeksine Uygun Değildir,Akın Tekstil,Tekstil Entegre,64303179,1996-04-18,1996-05-02
ATLAS,Katılım Endeksine Uygun Değildir,Atlas YO,Yatırım Ortaklıkları,64304013,1994-01-25,1994-02-28
ATSYH,Katılım Endeksine Uygun Değildir,Atlantis YO,Holdingler,64304010,1995-05-15,
AVGYO,Katılım Endeksine Uygun Değildir,Avrasya YO,GYO,64303678,,1996-07-08
AVHOL,Katılım Endeksine Uygun Değildir,Avrupa Yatırım Holding,Holdingler,64308662,2012-12-04,2012-11-30
AVOD,Katılım Endeksine Uygun Değildir,Avod Kurutulmuş Gıda,Gıda,9938707,2011-11-30,2011-12-06
AVPGY,Katılım Endeksine Uygundur,Avrupakent GYO,GYO,163020262,,2023-12-21
AVTUR,Katılım Endeksine Uygun Değildir,Avrasya Petrol&Turistik Tesis,Turizm,64306238,,2007-05-04
AYCES,Katılım Endeksine Uygun Değildir,Altınyunus Çesme,Turizm,64303225,1987-08-28,1987-08-28
AYDEM,Katılım Endeksine Uygun Değildir,Aydem Enerji,Elektrik Üretim,122419124,2021-04-22,
AYEN,Katılım Endeksine Uygundur,Ayen Enerji,Elektrik Üretim,64302999,2000-06-28,2000-07-05
AYES,Katılım Endeksine Uygun Değildir,Ayes Çelik Hasır & Çit,İnşaat Malzemeleri,120969730,2012-07-12,
AYGAZ,Katılım Endeksine Uygun Değildir,Aygaz,Petrol,6491716,1988-01-13,1988-01-13
AZTEK,Katılım Endeksine Uygun Değildir,Aztek Teknoloji,Teknoloji,142541634,2022-08-17,2022-08-17
BAGFS,Katılım Endeksine Uygun Değildir,Bandırma Gübre Fabrikaları A.Ş,Tarım Kimyasalları,6495634,1986-01-28,1986-01-03
BAHKM,Katılım Endeksine Uygundur,Bahadır Kimya,Kimyasal Ürün,173932632,,2024-08-07
BAKAB,Katılım Endeksine Uygundur,Bak Ambalaj,Kağıt Ürünleri,64303289,1998-06-11,1998-06-05
BALAT,Katılım Endeksine Uygun Değildir,Balatacılar Balatacılık,Otomotiv Parçası,120969755,,2012-08-13
BALSU,Katılım Endeksine Uygun Değildir,Balsu Gıda,Gıda,182801093,2025-02-25,
BANVT,Katılım Endeksine Uygundur,Banvit,Hayvancılık,6494523,1992-11-27,1992-11-27
BARMA,Katılım Endeksine Uygun Değildir,Barem Ambalaj,Kağıt Ürünleri,142293781,2022-08-10,2022-08-10
BASCM,Katılım Endeksine Uygun Değildir,Baştaş Başkent Çimento Sanayi,Çimento,120969745,2012-07-01,
BASGZ,Katılım Endeksine Uygundur,Başkent Doğalgaz,Elektrik - Doğalgaz Dağıtım,124598715,2021-06-04,2021-06-11
BAYRK,Katılım Endeksine Uygun Değildir,Bayrak EBT Taban,Tekstil Entegre,120976398,2020-05-29,2020-06-04
BEGYO,Katılım Endeksine Uygundur,Batı Ege GYO,GYO,162598862,,2023-12-08
BERA,Katılım Endeksine Uygundur,Bera Holding,Holdingler,64308645,,2012-11-23
BESLR,Katılım Endeksine Uygun Değildir,Besler Gıda,Gıda,64303695,,1994-05-13
BEYAZ,Katılım Endeksine Uygun Değildir,Beyaz Filo,Ulaştırma-Lojistik,64308431,2012-03-22,
BFREN,Katılım Endeksine Uygun Değildir,Bosch Fren,Otomotiv Parçası,64303274,1993-12-02,1993-11-22
BIENY,Katılım Endeksine Uygundur,Bien Yapı,Seramik,154507906,2023-05-12,2023-05-18
BIGCH,Katılım Endeksine Uygun Değildir,BigChefs,Gıda,154104901,2023-05-05,2023-05-10
BIGEN,Katılım Endeksine Uygun Değildir,Birleşim Grup Enerji,Elektrik Üretim,181989828,2025-02-05,
BIMAS,Katılım Endeksine Uygundur,Bim Birleşik Mağazalar A.Ş,Perakande - Ticaret,6497856,2005-07-08,2005-07-15
BINBN,Katılım Endeksine Uygundur,BinBin,Ulaştırma-Lojistik,176430138,,2024-10-09
BINHO,Katılım Endeksine Uygundur,1000 Yatırımlar,Holdingler,161917073,2023-11-20,2023-11-20
BIOEN,Katılım Endeksine Uygun Değildir,Biotrend Enerji,Elektrik Üretim,122419125,2021-04-21,2021-04-28
BIZIM,Katılım Endeksine Uygun Değildir,Bizim Toptan,Perakande - Ticaret,9668324,2011-01-28,2011-02-03
BJKAS,Katılım Endeksine Uygun Değildir,Beşiktaş,Spor,64304449,2002-02-18,
BLCYT,Katılım Endeksine Uygun Değildir,Bilici Yatırım,Tekstil Entegre,64308305,2011-05-11,2011-05-17
BLUME,Katılım Endeksine Uygun Değildir,Blume Metal Kimya,Turizm,64304506,2002-07-15,
BMSCH,Katılım Endeksine Uygun Değildir,BMS Çelik Hasır,Demir-Çelik Döküm,124598719,2021-06-08,
BMSTL,Katılım Endeksine Uygundur,BMS Birleşik Metal,Demir-Çelik Döküm,137106481,2022-04-27,2022-04-25
BNTAS,Katılım Endeksine Uygundur,Bantaş Bandırma Ambalaj,Kimyasal Ürün,120972581,2015-05-18,2015-05-18
BOBET,Katılım Endeksine Uygun Değildir,Boğaziçi Beton,Çimento,124598718,2021-05-28,2021-06-03
BORLS,Katılım Endeksine Uygun Değildir,Borlease Otomotiv,Ulaştırma-Lojistik,160250593,,2023-10-19
BORSK,Katılım Endeksine Uygundur,Bor Şeker,Gıda,165482104,,2024-02-15
BOSSA,Katılım Endeksine Uygundur,Bossa,Tekstil Entegre,64303318,1995-08-10,1995-08-21
BRISA,Katılım Endeksine Uygundur,Brisa,Otomotiv Lastiği,6493646,1986-01-07,1986-01-07
BRKO,Katılım Endeksine Uygun Değildir,Birko Mensucat,Tekstil Entegre,64308367,1985-05-01,2009-04-30
BRKSN,Katılım Endeksine Uygundur,Berkosan Yalıtım,İnşaat Malzemeleri,64308066,2011-02-01,2011-02-04
BRKVY,Katılım Endeksine Uygun Değildir,Birikim Varlık,Varlık Yönetim,147975650,2022-12-09,2022-12-15
BRLSM,Katılım Endeksine Uygundur,Birlesim Mühendislik,İnşaat Malzemeleri,126415365,2021-08-13,2021-08-20
BRMEN,Katılım Endeksine Uygun Değildir,Birlik Mensucat,Tekstil Entegre,64303314,1996-07-11,1996-07-22
BRSAN,Katılım Endeksine Uygun Değildir,Borusan Birleşik Boru Fab.,Demir-Çelik Temel,6494518,,1994-09-12
BRYAT,Katılım Endeksine Uygun Değildir,Borusan Yatırım,Holdingler,64303317,1996-10-31,
BSOKE,Katılım Endeksine Uygundur,Batı Söke Çimento,Çimento,64303313,2000-04-26,2000-04-26
BTCIM,Katılım Endeksine Uygun Değildir,Batıçim,Çimento,64303312,1995-03-09,1995-03-20
BUCIM,Katılım Endeksine Uygun Değildir,Bursa Çimento,Çimento,64303319,1988-03-28,
BULGS,Katılım Endeksine Uygun Değildir,Bulls GSYO,Yatırım Ortaklıkları,183107549,2025-02-25,
BURCE,Katılım Endeksine Uygundur,Burçelik,Demir-Çelik Döküm,64303679,1992-08-10,1992-08-18
BURVA,Katılım Endeksine Uygundur,Burçelik Vana Sanayii,İnşaat Malzemeleri,64304826,2004-05-06,2004-05-13
BVSAN,Katılım Endeksine Uygun Değildir,Bülbüloğlu Vinç,İnşaat Malzemeleri,150281385,2023-01-30,
BYDNR,Katılım Endeksine Uygun Değildir,Baydöner,Gıda,140214472,2023-08-21,2023-08-21
CANTE,Katılım Endeksine Uygundur,Çan2 Termik A.S,Elektrik Üretim,122419126,2021-04-22,
CASA,Katılım Endeksine Uygun Değildir,Casa Emtia Petrol Kim.Tür.AŞ,Perakande - Ticaret,120969750,,2012-07-24
CATES,Katılım Endeksine Uygundur,Çates Elektrik,Elektrik Üretim,162435209,2023-12-01,
CCOLA,Katılım Endeksine Uygun Değildir,Coca-Cola İçecek A.Ş,Meşrubat / İçecek,6498826,2006-05-05,2006-05-12
CELHA,Katılım Endeksine Uygundur,Çelik Halat,Demir-Çelik Temel,35018550,1986-01-03,1986-01-10
CEMAS,Katılım Endeksine Uygun Değildir,Çemaş Döküm,Demir-Çelik Döküm,64307850,2010-06-28,2010-07-02
CEMTS,Katılım Endeksine Uygundur,Çemtas,Demir-Çelik Temel,64303320,1994-12-26,
CEMZY,Katılım Endeksine Uygundur,Cem Zeytin,Gıda,174842244,2024-09-09,
CEOEM,Katılım Endeksine Uygun Değildir,CEO Event Medya,Medya,120975767,2019-05-23,2019-05-31
CGCAM,Katılım Endeksine Uygun Değildir,Çağdaş Cam,Cam,179959042,,2024-12-17
CIMSA,Katılım Endeksine Uygundur,Çimsa,Çimento,6491717,1986-01-09,1986-01-03
CLEBI,Katılım Endeksine Uygun Değildir,Çelebi,Havayolları ve Hizm.,6495896,1996-11-07,
CMBTN,Katılım Endeksine Uygundur,Çimbeton,Çimento,64303322,1997-12-11,
CMENT,Katılım Endeksine Uygun Değildir,Çimentaş,Çimento,64303323,1986-02-25,
CONSE,Katılım Endeksine Uygun Değildir,Consus Enerji,Elektrik Üretim,136710778,2022-04-20,2022-04-20
COSMO,Katılım Endeksine Uygundur,Cosmos Yatırım Holding,Holdingler,64304004,,1995-01-01
CRDFA,Katılım Endeksine Uygun Değildir,Creditwest Faktoring,Fin.Kiralama ve Faktoring,64303700,1997-12-11,1997-12-18
CRFSA,Katılım Endeksine Uygun Değildir,Carrefoursa,Perakande - Ticaret,64305443,1991-06-05,
CUSAN,Katılım Endeksine Uygun Değildir,Çuhadaroğlu Metal,Demir-Çelik Döküm,120973065,2016-02-12,2016-02-18
CVKMD,Katılım Endeksine Uygundur,Cvk Maden,Madencilik,153331230,2023-04-07,
CWENE,Katılım Endeksine Uygundur,Cw Enerji,Elektrik Enerji Ürt.Teçh/Tesis Kurulum,153593933,,2023-05-05
DAGI,Katılım Endeksine Uygun Değildir,Dagi Giyim,Tekstil Entegre,64308173,2011-05-27,2011-06-01
DAPGM,Katılım Endeksine Uygundur,Dap Gayrimenkul,GYO,133292593,2022-02-24,2022-02-24
DARDL,Katılım Endeksine Uygundur,Dardanel,Gıda,64303681,1994-07-28,1995-06-30
DCTTR,Katılım Endeksine Uygundur,Dct Trading,Diğer,173202802,,2024-07-31
DENGE,Katılım Endeksine Uygundur,Denge Holding,Holdingler,64308539,2012-07-26,2012-08-02
DERHL,Katılım Endeksine Uygun Değildir,Derlüks Yatırım Holding,Deri Giyim,120975873,,2019-07-04
DERIM,Katılım Endeksine Uygun Değildir,Derimod,Deri Giyim,64303324,1991-06-03,1991-06-10
DESA,Katılım Endeksine Uygun Değildir,Desa Deri Sanayii,Deri Giyim,64304821,2004-04-28,2004-05-06
DESPC,Katılım Endeksine Uygundur,Despec Bilgisayar,Bilgisayar Toptancılığı,64308018,2010-11-26,2010-12-08
DEVA,Katılım Endeksine Uygun Değildir,Deva Holding,Sağlık ve İlaç,6495898,1986-03-24,1986-03-24
DGATE,Katılım Endeksine Uygundur,Datagate,Bilgisayar Toptancılığı,9938546,2006-02-02,2006-02-10
DGGYO,Katılım Endeksine Uygun Değildir,Doğuş GYO,GYO,64303355,1998-03-19,1998-03-25
DGNMO,Katılım Endeksine Uygundur,Doğanlar Mobilya,Mobilya,9938357,1990-08-01,
DIRIT,Katılım Endeksine Uygun Değildir,Diriteks Diriliş Tekstil,Tekstil Entegre,120969778,2012-08-28,2012-08-28
DITAS,Katılım Endeksine Uygun Değildir,Ditaş Doğan,Otomotiv Parçası,124598474,1991-05-08,1991-05-21
DMRGD,Katılım Endeksine Uygun Değildir,DMR Unlu Mamüller,Gıda,159414542,2023-09-22,
DMSAS,Katılım Endeksine Uygundur,Demisaş,Demir-Çelik Döküm,64303683,,1997-07-24
DNISI,Katılım Endeksine Uygun Değildir,Dinamik Isı Yalıtım,İnşaat Malzemeleri,120976619,2020-09-28,
DOAS,Katılım Endeksine Uygun Değildir,Doğuş Otomotiv,Otomotiv,6497202,2004-06-10,2004-06-17
DOBUR,Katılım Endeksine Uygun Değildir,Big Medya,Medya,64303402,2000-03-21,2000-03-28
DOCO,Katılım Endeksine Uygun Değildir,DO & CO Aktiengesellschaft,Ulaştırma-Lojistik,11659026,2010-11-26,2010-12-02
DOFER,Katılım Endeksine Uygundur,Dofer Yapı,Demir-Çelik Temel,160250594,,2023-10-16
DOFRB,Katılım Endeksine Uygundur,Dof Robotik,Teknoloji,195106107,2025-09-05,
DOGUB,Katılım Endeksine Uygundur,Doğusan,İnşaat Malzemeleri,64303684,1987-07-03,
DOHOL,Katılım Endeksine Uygun Değildir,Doğan Holding,Holdingler,6493735,1993-06-14,1993-06-21
DOKTA,Katılım Endeksine Uygun Değildir,Döktaş Dökümcülük,Otomotiv Parçası,64303327,1986-01-10,1986-01-03
DSTKF,Katılım Endeksine Uygun Değildir,Destek Finans Faktoring,Fin.Kiralama ve Faktoring,181888820,2025-02-06,
DUNYH,Katılım Endeksine Uygun Değildir,Dünya Holding,Gıda,64303699,2025-01-24,
DURDO,Katılım Endeksine Uygun Değildir,Duran Doğan Basım,Kağıt Ürünleri,64303685,1991-07-15,1991-07-22
DURKN,Katılım Endeksine Uygun Değildir,Durukan Şekerleme,Gıda,175374026,,2024-09-17
DYOBY,Katılım Endeksine Uygundur,DYO Boya,Boya,64303690,1987-08-12,1987-08-12
DZGYO,Katılım Endeksine Uygun Değildir,Deniz GYO,GYO,64303682,1995-10-23,
EBEBK,Katılım Endeksine Uygundur,Ebebek,Perakande - Ticaret,158664611,2023-09-06,2023-09-07
ECILC,Katılım Endeksine Uygun Değildir,Eczacıbaşı İlaç,Sağlık ve İlaç,64302943,1990-06-25,1990-06-25
ECZYT,Katılım Endeksine Uygun Değildir,Eczacıbaşı Yatırım,Holdingler,64303328,1986-01-13,1986-01-13
EDATA,Katılım Endeksine Uygundur,E-Data Teknoloji,Teknoloji,124598723,2021-06-29,
EDIP,Katılım Endeksine Uygundur,Edip Gayrimenkul Yat. San.,GYO,64303329,1991-01-18,1990-12-10
EFORC,Katılım Endeksine Uygundur,Efor Yat. San.,Gıda,171749416,2024-07-05,
EGEEN,Katılım Endeksine Uygun Değildir,Ege Endüstri,Otomotiv Parçası,64303330,1986-10-31,1986-10-31
EGEGY,Katılım Endeksine Uygun Değildir,Egeyapı GYO,GYO,44136983,1997-09-10,
EGEPO,Katılım Endeksine Uygundur,Egepol Hastanesi,Sağlık ve İlaç,64303331,2021-08-26,
EGGUB,Katılım Endeksine Uygundur,Ege Gübre,Tarım Kimyasalları,6500532,1986-01-06,1986-01-06
EGPRO,Katılım Endeksine Uygundur,Ege Profil,İnşaat Malzemeleri,64303331,1993-11-15,
EGSER,Katılım Endeksine Uygun Değildir,Ege Seramik,Seramik,64303332,1993-02-09,1993-01-22
EKGYO,Katılım Endeksine Uygundur,Emlak Konut GYO,GYO,8401142,2010-11-24,2010-12-02
EKIZ,Katılım Endeksine Uygun Değildir,Ekiz Yağ ve Sabun,Gıda,64307895,2010-07-13,2010-07-20
EKOS,Katılım Endeksine Uygun Değildir,Ekos Teknoloji,Endüstriyel Makine -Teçhizat Üretim,161917075,2023-11-21,2023-11-21
EKSUN,Katılım Endeksine Uygundur,Eksun Gıda,Gıda,152054127,2023-03-17,
ELITE,Katılım Endeksine Uygundur,Elite Organik Gıda,Gıda,129457840,2021-11-09,
EMKEL,Katılım Endeksine Uygun Değildir,Emek Elektrik,Elektrik Enerji Ürt.Teçh/Tesis Kurulum,64303689,1998-05-07,1998-05-07
EMNIS,Katılım Endeksine Uygun Değildir,Eminiş Ambalaj,Boya,64303351,1995-12-13,1995-12-18
ENDAE,Katılım Endeksine Uygun Değildir,Enda Enerji,Elektrik Üretim,182127534,2025-02-13,
ENERY,Katılım Endeksine Uygun Değildir,Enerya Enerji,Elektrik - Doğalgaz Dağıtım,158058250,2023-08-16,2023-08-23
ENJSA,Katılım Endeksine Uygundur,Enerjisa Enerji,Elektrik - Doğalgaz Dağıtım,42859344,2018-02-02,2018-02-08
ENKAI,Katılım Endeksine Uygun Değildir,Enka İnşaat,İnşaat- Taahhüt,6491719,1986-01-01,
ENSRI,Katılım Endeksine Uygun Değildir,Ensari Deri,Deri Giyim,134953127,2022-03-22,
ENTRA,Katılım Endeksine Uygun Değildir,Ic Enterra Yenilenebilir,Elektrik Üretim,18278856,2024-03-29,
EPLAS,Katılım Endeksine Uygun Değildir,Egeplast,İnşaat Malzemeleri,64303333,1994-03-03,
ERBOS,Katılım Endeksine Uygun Değildir,Erbosan,Demir-Çelik Döküm,64303352,1995-04-10,1995-04-14
ERCB,Katılım Endeksine Uygun Değildir,Erciyas Çelik Boru,Demir-Çelik Temel,131753335,2022-01-13,2022-01-13
EREGL,Katılım Endeksine Uygundur,Ereğli Demir Çelik,Demir-Çelik Temel,6491721,1986-01-13,1986-01-13
ERSU,Katılım Endeksine Uygun Değildir,Ersu Gıda,Meşrubat / İçecek,64303688,2000-03-23,
ESCAR,Katılım Endeksine Uygun Değildir,Escar Filo,Ulaştırma-Lojistik,125137950,2021-07-08,2021-07-13
ESCOM,Katılım Endeksine Uygundur,Escort Teknoloji,Teknoloji,64304001,,2000-07-20
ESEN,Katılım Endeksine Uygun Değildir,Esenboğa Elektrik,Elektrik Üretim,120976682,2020-10-02,2020-10-09
ETILR,Katılım Endeksine Uygun Değildir,Etiler Gıda,Gıda,64308507,2012-07-16,2012-07-16
ETYAT,Katılım Endeksine Uygun Değildir,Euro Trend Yatırım,Yatırım Ortaklıkları,64306938,2008-04-17,2008-04-16
EUHOL,Katılım Endeksine Uygun Değildir,Euro Yatırım,Holdingler,64307854,2010-06-10,2010-06-21
EUKYO,Katılım Endeksine Uygun Değildir,Euro Kapital Yatırım Ortaklığı,Yatırım Ortaklıkları,64308269,,2011-07-27
EUPWR,Katılım Endeksine Uygundur,Europower Enerji,Elektrik Enerji Ürt.Teçh/Tesis Kurulum,153340563,2023-04-20,
EUREN,Katılım Endeksine Uygun Değildir,Europen Endüstri,Demir-Çelik Döküm,139141836,2022-06-08,
EUYO,Katılım Endeksine Uygun Değildir,Euro Menkul,Yatırım Ortaklıkları,64305349,2006-06-07,2006-06-07
EYGYO,Katılım Endeksine Uygundur,EYG Gayrimenkul,GYO,148418634,,2022-12-29
FADE,Katılım Endeksine Uygundur,Fade Gıda Yatırım,Gıda,120976584,2020-07-30,2020-08-06
FENER,Katılım Endeksine Uygun Değildir,Fenerbahce Futbol A.Ş.,Spor,64304540,2004-02-12,2004-02-20
FLAP,Katılım Endeksine Uygun Değildir,Flap Kongre Hiz.Oto.Tur.A.Ş,Diğer,64308488,2012-06-12,
FMIZP,Katılım Endeksine Uygun Değildir,F-M İzmit Piston,Otomotiv Parçası,64303354,1990-08-20,1990-07-31
FONET,Katılım Endeksine Uygundur,Fonet Bilgi Teknolojileri,Teknoloji,120974003,2017-05-04,2017-05-04
FORMT,Katılım Endeksine Uygundur,Formet Metal ve Cam Sanayii,İnşaat Malzemeleri,120974845,,2018-05-22
FORTE,Katılım Endeksine Uygundur,Forte Bilgi İletişim,Teknoloji,155430253,2023-06-14,2023-06-14
FRIGO,Katılım Endeksine Uygun Değildir,Frigo Pak Gıda,Gıda,64303686,1995-04-06,1995-04-25
FROTO,Katılım Endeksine Uygun Değildir,Ford Otosan,Otomotiv,6491722,1986-01-13,1986-01-13
FZLGY,Katılım Endeksine Uygundur,Fuzul Gayrimenkul,GYO,157133366,2023-07-21,
GARAN,Katılım Endeksine Uygun Değildir,Garanti Bankası,Bankacılık,6491729,1990-06-06,1990-06-06
GARFA,Katılım Endeksine Uygun Değildir,Garanti BBVA Faktoring,Fin.Kiralama ve Faktoring,6500534,1993-11-29,1993-12-20
GEDIK,Katılım Endeksine Uygun Değildir,Gedik Yatırım,Aracı Kurumlar,9938562,2010-07-21,2023-09-04
GEDZA,Katılım Endeksine Uygundur,Gediz Ambalaj Sanayi,Kimyasal Ürün,120970695,,2014-01-21
GENIL,Katılım Endeksine Uygundur,Gen İlaç,Sağlık ve İlaç,126415361,2021-07-30,
GENTS,Katılım Endeksine Uygundur,Gentaş,Mobilya,64303356,1990-02-02,1990-02-02
GEREL,Katılım Endeksine Uygundur,Gersan Elektrik,Kablo,64304490,2003-05-05,2003-05-11
GESAN,Katılım Endeksine Uygundur,Girişim Elektrik,Elektrik Enerji Ürt.Teçh/Tesis Kurulum,126415364,2021-08-13,
GIPTA,Katılım Endeksine Uygun Değildir,Gıpta,Kırtasiye,159005039,2023-09-14,2023-09-14
GLBMD,Katılım Endeksine Uygun Değildir,Global Menkul Değerler,Aracı Kurumlar,64308310,2011-06-23,2011-06-28
GLCVY,Katılım Endeksine Uygun Değildir,Gelecek Varlık Yön.,Varlık Yönetim,128249959,2021-10-15,2023-07-26
GLRMK,Katılım Endeksine Uygundur,Gülermak Ağır Sanayi,İnşaat- Taahhüt,180793686,,2025-01-17
GLRYH,Katılım Endeksine Uygun Değildir,Güler Yatırım Holding,Holdingler,181361309,2011-01-01,
GLYHO,Katılım Endeksine Uygun Değildir,Global Yatırım Holding,Holdingler,64303058,1995-05-02,1995-05-22
GMTAS,Katılım Endeksine Uygun Değildir,Gimat Mağazacılık,Perakande - Ticaret,129457842,2021-11-12,2021-11-12
GOKNR,Katılım Endeksine Uygundur,Göknur Gıda,Gıda,150549852,2023-03-03,
GOLTS,Katılım Endeksine Uygundur,Göltaş Çimento,Çimento,64303357,1995-02-23,1995-03-06
GOODY,Katılım Endeksine Uygundur,Goodyear,Otomotiv Lastiği,64302938,1986-01-15,1986-01-15
GOZDE,Katılım Endeksine Uygun Değildir,Gözde Girisim Sermayesi,Yatırım Ortaklıkları,9938613,2010-01-25,2010-01-25
GRNYO,Katılım Endeksine Uygun Değildir,Garanti YO,Yatırım Ortaklıkları,64304002,1996-11-07,1996-11-18
GRSEL,Katılım Endeksine Uygundur,Gürsel Taşımacılık,Ulaştırma-Lojistik,134161491,2022-03-09,2022-03-09
GRTHO,Katılım Endeksine Uygundur,GrainTurk Tarım,Perakande - Ticaret,153593932,,2023-03-26
GSDDE,Katılım Endeksine Uygun Değildir,GSD Denizcilik Gayrimenkul İnş,Ulaştırma-Lojistik,64303270,1995-02-07,1995-02-20
GSDHO,Katılım Endeksine Uygun Değildir,GSD Holding A.Ş.,Holdingler,6496110,1999-11-04,
GSRAY,Katılım Endeksine Uygun Değildir,Galatasaray Sportif A.Ş,Spor,64304456,2002-02-14,2002-02-20
GUBRF,Katılım Endeksine Uygundur,Gübre Fabrikaları,Tarım Kimyasalları,6496111,1986-01-06,1986-01-03
GUNDG,Katılım Endeksine Uygundur,Gündoğdu Gıda,Gıda,174322255,,2024-08-22
GWIND,Katılım Endeksine Uygun Değildir,Galata Wind Enerji,Elektrik Üretim,121503952,2021-04-16,2021-04-22
GZNMI,Katılım Endeksine Uygun Değildir,Gezinomi Seyahat,Turizm,134070221,2022-03-08,2022-03-08
HALKB,Katılım Endeksine Uygun Değildir,Halkbank,Bankacılık,6499676,2007-05-03,2007-05-10
HATEK,Katılım Endeksine Uygun Değildir,Hateks Hatay Tekstil,Tekstil Entegre,64308046,2011-02-11,
HATSN,Katılım Endeksine Uygundur,Hat-San,Ulaştırma-Lojistik,159194898,2023-09-22,2023-09-22
HDFGS,Katılım Endeksine Uygun Değildir,Hedef Girişim Sermayesi,Yatırım Ortaklıkları,120972372,2015-01-23,2015-02-03
HEDEF,Katılım Endeksine Uygun Değildir,Hedef Holding,Holdingler,128249960,2021-10-15,
HEKTS,Katılım Endeksine Uygun Değildir,Hektaş,Tarım Kimyasalları,9938345,1986-01-13,1986-01-13
HKTM,Katılım Endeksine Uygundur,Hidropar,Endüstriyel Makine -Teçhizat Üretim,142487918,2022-08-12,
HLGYO,Katılım Endeksine Uygun Değildir,Halk GYO,GYO,12659732,2013-02-15,
HOROZ,Katılım Endeksine Uygundur,Horoz Lojistik,Ulaştırma-Lojistik,170935600,,2024-06-07
HRKET,Katılım Endeksine Uygundur,Hareket Proje,Endüstriyel Makine -Teçhizat Üretim,170231800,,2024-05-23
HTTBT,Katılım Endeksine Uygun Değildir,Hitit Bilgisayar,Bilgisayar Toptancılığı,134070220,2022-02-25,
HUBVC,Katılım Endeksine Uygun Değildir,Hub Girişim Ser. Y.O.,Yatırım Ortaklıkları,64305884,,2006-12-08
HUNER,Katılım Endeksine Uygun Değildir,Hun Enerji,Elektrik Üretim,133509681,2022-02-21,2022-02-21
HURGZ,Katılım Endeksine Uygun Değildir,Hürriyet,Medya,64303359,1992-02-25,1992-02-25
ICBCT,Katılım Endeksine Uygun Değildir,ICBC Turkey Bank,Bankacılık,64303269,1990-05-23,1990-05-23
ICUGS,Katılım Endeksine Uygun Değildir,Icu Girişim Ser. Y.O.,Yatırım Ortaklıkları,64304009,2000-07-05,2000-07-05
IDGYO,Katılım Endeksine Uygundur,İdealist GYO,GYO,64307863,2010-06-24,2010-07-01
IEYHO,Katılım Endeksine Uygun Değildir,Işıklar Enerji ve Yapı Holding,Holdingler,64303186,1998-08-06,1998-08-13
IHAAS,Katılım Endeksine Uygun Değildir,İhlas Haber Ajansı,Medya,128645059,2021-10-27,2021-11-03
IHEVA,Katılım Endeksine Uygundur,İhlas Ev Aletleri,Dayanıklı Tüketim,64303692,1996-09-26,1996-09-26
IHGZT,Katılım Endeksine Uygun Değildir,İhlas Gazetecilik,Medya,64307844,2010-06-04,2010-06-14
IHLAS,Katılım Endeksine Uygundur,İhlas Holding,Holdingler,64303693,1994-12-07,
IHLGM,Katılım Endeksine Uygundur,İhlas Gayrimenkul,GYO,64303208,1989-12-01,
IHYAY,Katılım Endeksine Uygundur,İhlas Yayın Holding,Medya,64307974,2010-10-26,2010-11-05
IMASM,Katılım Endeksine Uygundur,İmaş Makine,Endüstriyel Makine -Teçhizat Üretim,136829377,2022-04-29,
INDES,Katılım Endeksine Uygun Değildir,İndeks Bilgisayar,Bilgisayar Toptancılığı,6500605,2004-06-17,2004-06-24
INFO,Katılım Endeksine Uygun Değildir,İnfo Yatırım,Aracı Kurumlar,64308311,2011-10-04,2011-10-11
INGRM,Katılım Endeksine Uygun Değildir,İngram Bilişim,Bilgisayar Toptancılığı,64305333,,2006-06-15
INTEK,Katılım Endeksine Uygun Değildir,Innosa Teknoloji,Teknoloji,120969731,2012-07-09,
INTEM,Katılım Endeksine Uygundur,İntema,İnşaat Malzemeleri,64303052,1990-03-16,1990-03-16
INVEO,Katılım Endeksine Uygun Değildir,İnveo Yatırım Holding,Holdingler,64304020,1999-04-13,1999-04-16
INVES,Katılım Endeksine Uygun Değildir,Investco Holding,Holdingler,134161490,2022-03-01,2022-03-01
IPEKE,Katılım Endeksine Uygun Değildir,İpek Enerji,Elektrik Üretim,64304019,2000-06-27,2000-06-27
ISATR,Katılım Endeksine Uygun Değildir,İş Bankası (A),Bankacılık,10439764,1986-01-08,1998-05-07
ISBIR,Katılım Endeksine Uygun Değildir,İşbir Holding,Holdingler,120969819,,2012-10-23
ISBTR,Katılım Endeksine Uygun Değildir,İş Bankası (B),Bankacılık,120961746,1986-01-08,1998-05-07
ISCTR,Katılım Endeksine Uygun Değildir,İş Bankası (C),Bankacılık,6491730,1986-01-08,1998-05-07
ISDMR,Katılım Endeksine Uygundur,İskenderun Demir Çelik,Demir-Çelik Temel,47006627,,2016-03-28
ISFIN,Katılım Endeksine Uygun Değildir,İş Finansal Kiralama,Fin.Kiralama ve Faktoring,64304014,2000-03-21,2000-03-24
ISGSY,Katılım Endeksine Uygun Değildir,İş Girişim,Yatırım Ortaklıkları,64304817,2004-10-14,
ISGYO,Katılım Endeksine Uygun Değildir,İş GYO,GYO,6491725,1999-12-01,
ISKPL,Katılım Endeksine Uygun Değildir,Işıklar Plastik,Kimyasal Ürün,120976883,2021-01-21,
ISKUR,Katılım Endeksine Uygun Değildir,İş Bankası Kurucu,Bankacılık,120961842,,1998-05-07
ISMEN,Katılım Endeksine Uygun Değildir,İş Yatırım,Aracı Kurumlar,6500771,2007-05-11,2007-05-18
ISSEN,Katılım Endeksine Uygundur,İşbir Sentetik,Tekstil Entegre,111960910,2021-11-12,2021-11-18
ISYAT,Katılım Endeksine Uygun Değildir,İs YO,Yatırım Ortaklıkları,64303694,1996-04-01,1996-04-15
IZENR,Katılım Endeksine Uygun Değildir,İzdemir Enerji,Elektrik Üretim,157824129,2023-08-16,2023-08-16
IZFAS,Katılım Endeksine Uygundur,İzmir Fırça,Boya,64309176,,2014-07-04
IZINV,Katılım Endeksine Uygundur,İz Yatırım Holding,Gıda,64308985,,2013-11-12
IZMDC,Katılım Endeksine Uygun Değildir,İzmir Demir Çelik,Demir-Çelik Temel,64303361,1986-01-24,1986-01-24
JANTS,Katılım Endeksine Uygundur,Jantsa Jant,Otomotiv Parçası,64308731,,2012-08-28
KAPLM,Katılım Endeksine Uygun Değildir,Kaplamin,Kağıt Ürünleri,64303362,1995-08-23,1995-09-04
KAREL,Katılım Endeksine Uygun Değildir,Karel Elektronik,İletişim Cihazları,64305682,2006-10-13,2006-10-20
KARSN,Katılım Endeksine Uygundur,Karsan Otomotiv,Otomotiv,64303075,2000-02-15,2000-02-21
KARTN,Katılım Endeksine Uygun Değildir,Kartonsan,Kağıt Ürünleri,64303364,1986-01-06,1986-01-10
KATMR,Katılım Endeksine Uygundur,Katmerciler Araç Üstü Ekipman,Otomotiv Parçası,9938633,2010-11-05,2010-11-11
KAYSE,Katılım Endeksine Uygun Değildir,Kayseri Şeker,Gıda,154507905,2023-05-18,2023-05-18
KBORU,Katılım Endeksine Uygundur,Kuzey Boru,İnşaat Malzemeleri,162798610,,2023-12-14
KCAER,Katılım Endeksine Uygundur,Kocaer Çelik Sanayi,Demir-Çelik Temel,139769753,2022-06-30,
KCHOL,Katılım Endeksine Uygun Değildir,Koç Holding,Holdingler,6491726,1986-01-10,1986-01-10
KENT,Katılım Endeksine Uygun Değildir,Kent Gıda,Gıda,64303365,1990-11-05,
KERVN,Katılım Endeksine Uygun Değildir,Kervansaray Yat. Holding,Holdingler,64303321,1997-07-15,1997-07-24
KFEIN,Katılım Endeksine Uygun Değildir,Kafein Yazılım,Teknoloji,120974861,2018-05-11,2018-05-16
KGYO,Katılım Endeksine Uygun Değildir,Koray GYO,GYO,6495597,1998-06-11,1998-06-18
KIMMR,Katılım Endeksine Uygundur,Ersan Alışveriş Hizmetleri,Perakande - Ticaret,127280634,2021-09-17,2021-09-22
KLGYO,Katılım Endeksine Uygun Değildir,Kiler GYO,GYO,64308184,2011-04-15,2011-04-20
KLKIM,Katılım Endeksine Uygun Değildir,Kalekim Kimyevi Maddeler,Seramik,122419128,2021-05-07,
KLMSN,Katılım Endeksine Uygun Değildir,Klimasan,Dayanıklı Tüketim,9938290,1997-08-14,1997-08-21
KLNMA,Katılım Endeksine Uygun Değildir,T. Kalkınma Bankası,Bankacılık,64303277,1991-03-06,1991-02-26
KLRHO,Katılım Endeksine Uygun Değildir,Kiler Holding,Holdingler,140214455,2022-07-07,
KLSER,Katılım Endeksine Uygun Değildir,Kaleseramik,Seramik,157074936,2023-07-20,
KLSYN,Katılım Endeksine Uygundur,Koleksiyon Mobilya,Mobilya,133985182,2022-03-04,2022-03-04
KLYPV,Katılım Endeksine Uygun Değildir,Kalyon Güneş Teknolojileri,Elektrik Enerji Ürt.Teçh/Tesis Kurulum,182307537,2023-06-12,
KMPUR,Katılım Endeksine Uygun Değildir,Kimteks Poliüretan,Kimyasal Ürün,137106480,2022-04-28,2022-04-28
KNFRT,Katılım Endeksine Uygundur,Konfrut Gıda,Meşrubat / İçecek,64303696,1996-05-29,1996-06-10
KOCMT,Katılım Endeksine Uygundur,Koç Metalurji,Demir-Çelik Temel,169787511,2024-05-17,
KONKA,Katılım Endeksine Uygundur,Konya Kağıt,Kağıt Ürünleri,129457843,2021-11-26,2021-11-26
KONTR,Katılım Endeksine Uygundur,Kontrolmatik Teknoloji,Elektrik Enerji Ürt.Teçh/Tesis Kurulum,120976679,2020-10-13,2020-10-19
KONYA,Katılım Endeksine Uygundur,Konya Çimento,Çimento,64303367,1990-10-26,1990-10-26
KOPOL,Katılım Endeksine Uygundur,Koza Polyester,Endüstriyel Tekstil,153331231,2023-04-07,
KORDS,Katılım Endeksine Uygun Değildir,Kordsa Teknik Tekstil,Endüstriyel Tekstil,9598482,1986-01-06,1986-01-03
KOTON,Katılım Endeksine Uygundur,Koton,Tekstil Entegre,169323827,,2024-05-10
KOZAA,Katılım Endeksine Uygun Değildir,Koza Anadolu Metal,Madencilik,8110829,2003-02-05,2003-03-05
KOZAL,Katılım Endeksine Uygun Değildir,Koza Altın,Madencilik,6500931,2010-02-05,2010-02-12
KRDMA,Katılım Endeksine Uygundur,Kardemir (A),Demir-Çelik Temel,120961703,1998-06-01,1998-06-08
KRDMB,Katılım Endeksine Uygundur,Kardemir (B),Demir-Çelik Temel,120961704,1998-06-01,1998-06-08
KRDMD,Katılım Endeksine Uygundur,Kardemir (D),Demir-Çelik Temel,6496115,1998-06-01,1998-06-08
KRGYO,Katılım Endeksine Uygundur,Korfez GYO,GYO,64309123,2014-05-06,2014-05-06
KRONT,Katılım Endeksine Uygundur,Kron Telekomünikasyon,İletişim,64308168,2011-05-18,
KRPLS,Katılım Endeksine Uygundur,Koroplast Temizlik Ambalaj,Kağıt Ürünleri,141334092,2022-07-28,2022-07-28
KRSTL,Katılım Endeksine Uygundur,Kristal Kola,Meşrubat / İçecek,64303697,1997-08-07,1997-08-26
KRTEK,Katılım Endeksine Uygun Değildir,Karsu Tekstil,Tekstil Entegre,64303363,1994-11-14,1994-11-17
KRVGD,Katılım Endeksine Uygundur,Kervan Gıda,Gıda,120976792,2020-11-27,2020-12-04
KSTUR,Katılım Endeksine Uygun Değildir,Kuştur Turizm,Turizm,120969820,,2012-10-23
KTLEV,Katılım Endeksine Uygundur,Katılımevim,Diğer,155430254,2023-06-07,2023-06-12
KTSKR,Katılım Endeksine Uygun Değildir,Kütahya Şeker,Gıda,124598724,2021-07-02,2021-07-08
KUTPO,Katılım Endeksine Uygundur,Kütahya Porselen,Seramik,64303368,1990-09-19,1990-09-20
KUVVA,Katılım Endeksine Uygun Değildir,Kuvva Gıda,Gıda,64303265,,1998-08-07
KUYAS,Katılım Endeksine Uygundur,Kuyas Yatırım AŞ,İnşaat- Taahhüt,64309713,,2012-09-13
KZBGY,Katılım Endeksine Uygundur,Kızılbük GYO,GYO,126415363,2021-08-12,
KZGYO,Katılım Endeksine Uygun Değildir,Kuzugrup GYO,GYO,158399484,2023-08-28,
LIDER,Katılım Endeksine Uygun Değildir,Lider Turizm,Ulaştırma-Lojistik,136094601,2022-04-04,2022-04-04
LIDFA,Katılım Endeksine Uygun Değildir,Lider Faktoring,Fin.Kiralama ve Faktoring,119260403,2014-06-12,2014-06-19
LILAK,Katılım Endeksine Uygun Değildir,Lila Kağıt,Kağıt Ürünleri,169648354,2024-03-03,
LINK,Katılım Endeksine Uygun Değildir,Link Bilgisayar,Teknoloji,149076091,2000-10-19,2000-10-26
LKMNH,Katılım Endeksine Uygundur,Lokman Hekim Engurusag,Sağlık ve İlaç,9938637,2011-01-26,
LMKDC,Katılım Endeksine Uygundur,Limak Doğu Anadolu Çimento,Çimento,165753075,,2024-02-22
LOGO,Katılım Endeksine Uygundur,Logo Yazılım,Teknoloji,9938281,2000-05-01,
LRSHO,Katılım Endeksine Uygun Değildir,Loras Holding,Holdingler,64307709,1994-06-28,
LUKSK,Katılım Endeksine Uygun Değildir,Lüks Kadife,Tekstil Entegre,64303369,1991-04-29,1991-05-14
LYDHO,Katılım Endeksine Uygun Değildir,Lydia Holding,Holdingler,64303698,1993-09-24,
LYDYE,Katılım Endeksine Uygun Değildir,Tetamat Gıda,Gıda,64308563,2012-11-10,
MAALT,Katılım Endeksine Uygun Değildir,Marmaris Altınyunus,Turizm,64303181,1987-08-28,1987-08-28
MACKO,Katılım Endeksine Uygun Değildir,Maçkolik,Eğlence Hizmetleri,148945002,2023-01-20,2023-01-26
MAGEN,Katılım Endeksine Uygundur,Margün Enerji,Elektrik Enerji Ürt.Teçh/Tesis Kurulum,127218859,,2021-09-30
MAKIM,Katılım Endeksine Uygundur,Makim Makina,Endüstriyel Makine -Teçhizat Üretim,139628554,2022-06-17,2022-06-17
MAKTK,Katılım Endeksine Uygun Değildir,Makina Takım,İnşaat Malzemeleri,64303180,1986-01-24,1986-02-03
MANAS,Katılım Endeksine Uygun Değildir,Manas Enerji Yönetimi,Teknoloji,125228598,2021-07-14,2021-07-27
MARBL,Katılım Endeksine Uygundur,Tureks Turunç,Madencilik,161300242,2023-11-08,
MARKA,Katılım Endeksine Uygun Değildir,Marka Yatırım Holding,Holdingler,64304845,2005-05-04,
MARMR,Katılım Endeksine Uygun Değildir,Marmara Holding,Kimyasal Ürün,195450967,2025-09-16,
MARTI,Katılım Endeksine Uygun Değildir,Martı Otel İşletmeleri,Turizm,64307870,1990-02-09,1990-02-09
MAVI,Katılım Endeksine Uygundur,Mavi Giyim Sanayi Tic.A.S,Tekstil Entegre,37412325,2017-06-09,
MEDTR,Katılım Endeksine Uygundur,Meditera Tıbbi Malzeme,Sağlık ve İlaç,124598725,2021-06-25,2021-07-02
MEGAP,Katılım Endeksine Uygun Değildir,Mega Polietilen Köpük,Tekstil Entegre,64308449,2012-08-08,
MEGMT,Katılım Endeksine Uygun Değildir,Mega Metal,İnşaat Malzemeleri,162798612,,2023-12-15
MEKAG,Katılım Endeksine Uygundur,Meka Beton,İnşaat Malzemeleri,160126509,,2023-10-12
MEPET,Katılım Endeksine Uygun Değildir,Metro Petrol ve Tesisleri,Petrol,64308257,2011-07-21,2011-07-25
MERCN,Katılım Endeksine Uygundur,Mercan Kimya,Kimyasal Ürün,124598716,2021-05-21,
MERIT,Katılım Endeksine Uygun Değildir,Merit Turizm Yatırım,Turizm,12739087,2012-11-27,
MERKO,Katılım Endeksine Uygun Değildir,Merko Gıda,Gıda,64303001,1994-10-06,
METRO,Katılım Endeksine Uygun Değildir,Metro Tic. Mali Yat.,Holdingler,46536001,,1998-03-12
MGROS,Katılım Endeksine Uygun Değildir,Migros,Perakande - Ticaret,6495192,1991-02-27,
MHRGY,Katılım Endeksine Uygun Değildir,Mhr GYO,GYO,160307304,2023-10-18,2023-10-18
MIATK,Katılım Endeksine Uygun Değildir,Mia Teknoloji,Teknoloji,129445194,2021-11-16,2021-11-22
MMCAS,Katılım Endeksine Uygun Değildir,MMC San.ve Tic. Yatırımlar A.Ş,Holdingler,64308362,2011-12-02,2011-12-05
MNDRS,Katılım Endeksine Uygundur,Menderes Tekstil,Tekstil Entegre,64303961,2000-07-20,
MNDTR,Katılım Endeksine Uygundur,Mondi Tire,Kağıt Ürünleri,64303272,1991-02-01,1991-02-01
MOBTL,Katılım Endeksine Uygundur,Mobitel İletişim,İletişim,149592884,2021-11-19,2021-11-25
MOGAN,Katılım Endeksine Uygun Değildir,Mogan Enerji,Elektrik Enerji Ürt.Teçh/Tesis Kurulum,166374319,2024-03-07,
MOPAS,Katılım Endeksine Uygun Değildir,Mopaş,Perakande - Ticaret,181441068,2025-01-29,
MPARK,Katılım Endeksine Uygundur,MLP Sağlık Hizmetleri,Sağlık ve İlaç,42529058,2018-02-06,
MRGYO,Katılım Endeksine Uygun Değildir,Martı GYO,GYO,64307870,2010-09-24,2010-09-24
MRSHL,Katılım Endeksine Uygun Değildir,Marshall,Boya,64303183,1990-10-17,1990-11-07
MSGYO,Katılım Endeksine Uygun Değildir,Mistral GYO,GYO,120973827,2017-01-12,2017-01-19
MTRKS,Katılım Endeksine Uygun Değildir,Matriks Bilgi Dağıtım,Teknoloji,121299606,2021-03-31,2021-04-06
MTRYO,Katılım Endeksine Uygun Değildir,Metro YO,Yatırım Ortaklıkları,64304003,1999-01-12,1999-01-12
MZHLD,Katılım Endeksine Uygun Değildir,Mazhar Zorlu Holding,İnşaat Malzemeleri,64303184,1997-09-17,
NATEN,Katılım Endeksine Uygun Değildir,Naturel Yenilenebilir Enerji,Elektrik Enerji Ürt.Teçh/Tesis Kurulum,120975940,2019-08-01,2019-08-08
NETAS,Katılım Endeksine Uygundur,Netaş,İletişim Cihazları,64303203,1993-03-03,
NIBAS,Katılım Endeksine Uygun Değildir,Niğde Beton Sanayi,Çimento,64308445,2012-02-27,2012-03-05
NTGAZ,Katılım Endeksine Uygundur,Naturel Gaz,Petrol,121299604,2021-03-28,2021-04-01
NTHOL,Katılım Endeksine Uygun Değildir,Net Holding,Holdingler,6494577,1989-10-05,1989-10-05
NUGYO,Katılım Endeksine Uygun Değildir,Nurol GYO,GYO,64303206,1999-12-09,1999-12-15
NUHCM,Katılım Endeksine Uygun Değildir,Nuh Çimento,Çimento,64303204,2000-02-17,2000-02-11
OBAMS,Katılım Endeksine Uygundur,Oba Makarnacılık,Gıda,166151911,,2024-03-01
OBASE,Katılım Endeksine Uygundur,Obase Bilgisayar Danışmanlık,Teknoloji,141526832,2022-08-03,
ODAS,Katılım Endeksine Uygun Değildir,Odaş Elektrik Üretim,Elektrik Üretim,13276438,2013-05-14,2013-05-21
ODINE,Katılım Endeksine Uygun Değildir,Odine Solutions,Teknoloji,130269478,2024-03-24,
OFSYM,Katılım Endeksine Uygundur,Ofis Yem,Gıda,139195255,2023-08-11,2023-08-16
ONCSM,Katılım Endeksine Uygundur,Oncosem,Sağlık ve İlaç,148814694,2022-12-29,
ONRYT,Katılım Endeksine Uygun Değildir,Onur Yüksek Teknoloji,Savunma,170285274,2024-05-28,
ORCAY,Katılım Endeksine Uygun Değildir,Ortaköy Çay Sanayi,Meşrubat / İçecek,126415366,2021-08-27,2021-09-02
ORGE,Katılım Endeksine Uygundur,ORGE Enerji Elektrik,Elektrik Enerji Ürt.Teçh/Tesis Kurulum,10605019,2012-05-08,
ORMA,Katılım Endeksine Uygun Değildir,Orma Orman Mahsulleri,Kağıt Ürünleri,120969851,,2012-10-23
OSMEN,Katılım Endeksine Uygun Değildir,Osmanlı Menkul Değ.,Aracı Kurumlar,64308526,2012-02-14,2012-02-14
OSTIM,Katılım Endeksine Uygundur,Ostim Endüst. Yatırımlar,Diğer,120969686,,2012-05-10
OTKAR,Katılım Endeksine Uygun Değildir,Otokar,Otomotiv,34515216,1995-04-13,
OTTO,Katılım Endeksine Uygun Değildir,Otto Holding,Gıda,64308796,2013-05-20,2013-05-20
OYAKC,Katılım Endeksine Uygun Değildir,Oyak Çimento,Çimento,6494497,1987-07-17,
OYAYO,Katılım Endeksine Uygun Değildir,Oyak Yatırım Ortaklığı,Yatırım Ortaklıkları,64306239,2007-04-27,2007-05-04
OYLUM,Katılım Endeksine Uygun Değildir,Oylum Sınai Yatırımlar,Gıda,64308430,2012-04-26,2012-05-04
OYYAT,Katılım Endeksine Uygun Değildir,Oyak Yatırım,Aracı Kurumlar,124598720,2021-06-04,2023-10-02
OZATD,Katılım Endeksine Uygun Değildir,Özata Denizcilik,Endüstriyel Makine -Teçhizat Üretim,174842243,,2024-08-29
OZGYO,Katılım Endeksine Uygun Değildir,Özderici GYO,GYO,64303209,1994-09-07,1995-08-21
OZKGY,Katılım Endeksine Uygun Değildir,Özak GYO,GYO,64308408,2012-02-10,2012-02-15
OZRDN,Katılım Endeksine Uygundur,Özerden Plastik,Kimyasal Ürün,64309401,2015-02-13,2015-02-18
OZSUB,Katılım Endeksine Uygun Değildir,Özsu Balık,Hayvancılık,147680266,2022-11-23,
OZYSR,Katılım Endeksine Uygundur,Özyaşar Tel,Demir-Çelik Temel,170351885,,2024-05-29
PAGYO,Katılım Endeksine Uygundur,Panora GYO,GYO,124221589,2013-05-17,2013-05-23
PAMEL,Katılım Endeksine Uygun Değildir,Pamel Yenilenebilir Elekt.,Elektrik Üretim,64309150,2014-06-09,2014-06-13
PAPIL,Katılım Endeksine Uygun Değildir,Papilon Savunma,Teknoloji,23377703,2019-11-29,
PARSN,Katılım Endeksine Uygundur,Parsan,Otomotiv Parçası,64303050,1990-10-16,1990-10-16
PASEU,Katılım Endeksine Uygundur,Pasifik Eurasia,Ulaştırma-Lojistik,155369397,2023-06-14,2023-06-14
PATEK,Katılım Endeksine Uygun Değildir,Pasifik Teknoloji,Teknoloji,165337623,2024-02-13,
PCILT,Katılım Endeksine Uygun Değildir,PC İletişim ve Medya,Medya,129712712,2021-11-25,
PEKGY,Katılım Endeksine Uygun Değildir,Peker GYO,GYO,64310622,2018-02-16,2018-02-21
PENGD,Katılım Endeksine Uygundur,Penguen Gıda,Gıda,64303210,1998-04-16,1998-04-22
PENTA,Katılım Endeksine Uygundur,Penta Teknoloji,Bilgisayar Toptancılığı,122799054,2021-05-07,
PETKM,Katılım Endeksine Uygundur,Petkim,Petrol,6494287,1990-07-09,1990-07-09
PETUN,Katılım Endeksine Uygundur,Pınar Et ve Un,Gıda,6495544,2000-08-11,1986-02-03
PGSUS,Katılım Endeksine Uygun Değildir,Pegasus Hava Taşımacılığı,Havayolları ve Hizm.,13100914,2013-04-19,
PINSU,Katılım Endeksine Uygun Değildir,Pınar Su,Meşrubat / İçecek,64303261,1987-08-28,1987-08-28
PKART,Katılım Endeksine Uygundur,Plastikkart A.Ş,Teknoloji,64304827,2004-08-11,2004-08-11
PKENT,Katılım Endeksine Uygun Değildir,Petrokent,Turizm,64303211,1991-09-10,1991-09-10
PLTUR,Katılım Endeksine Uygundur,Platform Turizm,Ulaştırma-Lojistik,147859945,2022-12-09,2022-12-14
PNLSN,Katılım Endeksine Uygundur,Panelsan Çatı Cephe,İnşaat Malzemeleri,132629364,2022-02-11,2022-02-18
PNSUT,Katılım Endeksine Uygun Değildir,Pınar Süt,Meşrubat / İçecek,6495545,1986-02-03,1986-02-03
POLHO,Katılım Endeksine Uygundur,Polisan Holding,Holdingler,10667384,,2012-05-24
POLTK,Katılım Endeksine Uygun Değildir,Politeknik Metal,Kimyasal Ürün,64309086,,2014-03-06
PRDGS,Katılım Endeksine Uygun Değildir,Pardus Girişim,Yatırım Ortaklıkları,139456596,2022-06-15,2022-06-15
PRKAB,Katılım Endeksine Uygun Değildir,Prysmian Kablo,Kablo,64303262,1986-01-17,
PRKME,Katılım Endeksine Uygun Değildir,Park Elek. Madencilik,Madencilik,145651542,1997-10-14,1997-10-04
PRZMA,Katılım Endeksine Uygun Değildir,Prizma Pres Matbaacılık,Kağıt Ürünleri,64308453,2012-05-10,
PSDTC,Katılım Endeksine Uygun Değildir,Pergamon Status,Perakande - Ticaret,120972206,2014-11-07,2014-11-12
PSGYO,Katılım Endeksine Uygun Değildir,Pasifik GYO,GYO,130784066,2021-12-10,2021-12-16
QNBFK,Katılım Endeksine Uygun Değildir,QNB Finans Fin. Kir.,Fin.Kiralama ve Faktoring,179981866,1993-11-05,
QNBTR,Katılım Endeksine Uygun Değildir,QNB Bank,Bankacılık,64303000,2018-11-02,
QUAGR,Katılım Endeksine Uygundur,QUA Granite,İnşaat Malzemeleri,121357148,2021-04-06,2021-04-09
RALYH,Katılım Endeksine Uygun Değildir,Ral Yatırım Holding,Tekstil Entegre,64303315,1996-10-17,1996-10-30
RAYSG,Katılım Endeksine Uygun Değildir,Ray Sigorta,Sigorta,64303263,1997-07-17,1997-07-24
REEDR,Katılım Endeksine Uygun Değildir,Reeder,İletişim Cihazları,159194896,2023-09-21,2023-09-21
RGYAS,Katılım Endeksine Uygundur,Rönesans Gayrimenkul,GYO,168394836,2024-04-26,
RNPOL,Katılım Endeksine Uygundur,Rainbow Polikarbonat,Kimyasal Ürün,130481537,2021-12-01,2021-12-06
RODRG,Katılım Endeksine Uygundur,Rodrigo Tekstil,Tekstil Entegre,64308898,2013-07-30,2013-08-13
ROYAL,Katılım Endeksine Uygun Değildir,Royal Halı,Tekstil Entegre,64308765,,2013-05-03
RTALB,Katılım Endeksine Uygun Değildir,RTA laboratuvarlari,Sağlık ve İlaç,64309142,2014-05-27,
RUBNS,Katılım Endeksine Uygundur,Rubenis Tekstil,Tekstil Entegre,140490209,2022-07-06,2022-07-06
RUZYE,Katılım Endeksine Uygun Değildir,Ruzy Madencilik ve Enerji,Madencilik,64303677,2000-05-17,
RYGYO,Katılım Endeksine Uygun Değildir,Reysaş GYO,GYO,64307877,2010-07-12,2010-07-12
RYSAS,Katılım Endeksine Uygun Değildir,Reysaş Taşımacılık,Ulaştırma-Lojistik,64305197,2006-02-02,2006-02-10
SAFKR,Katılım Endeksine Uygundur,Safkar Ege Soğutmacılık,Dayanıklı Tüketim,120974593,2018-01-11,2018-01-16
SAHOL,Katılım Endeksine Uygun Değildir,Sabancı Holding,Holdingler,6494478,1997-07-02,1997-07-08
SAMAT,Katılım Endeksine Uygundur,Saray Matbaacılık,Kağıt Ürünleri,64308281,2011-06-17,2011-06-24
SANEL,Katılım Endeksine Uygundur,San-El Muhendislik,Endüstriyel Makine -Teçhizat Üretim,64308989,2013-11-25,2013-11-25
SANFM,Katılım Endeksine Uygun Değildir,Sanifoam Sünger Sanayi,Kimyasal Ürün,64308472,2012-04-12,2012-04-18
SANKO,Katılım Endeksine Uygundur,Sanko Pazarlama,Pazarlama,6495134,2000-09-28,2000-10-05
SARKY,Katılım Endeksine Uygundur,Sarkuysan,İnşaat Malzemeleri,64303049,,1986-01-01
SASA,Katılım Endeksine Uygun Değildir,Sasa Polyester Sanayi A.Ş.,Endüstriyel Tekstil,64303264,1996-11-01,1996-10-31
SAYAS,Katılım Endeksine Uygundur,Say Yenilenebilir Enerji,Elektrik Enerji Ürt.Teçh/Tesis Kurulum,64308830,2013-06-24,2013-06-28
SDTTR,Katılım Endeksine Uygun Değildir,SDT Uzay,Savunma,148622922,2022-12-29,
SEGMN,Katılım Endeksine Uygun Değildir,Seğmen Gıda,Gıda,171749417,,2024-06-23
SEGYO,Katılım Endeksine Uygun Değildir,Şeker GYO,GYO,138768413,2022-06-07,2022-06-07
SEKFK,Katılım Endeksine Uygun Değildir,Şeker Finansal Kiralama A.Ş,Fin.Kiralama ve Faktoring,64304830,2004-07-15,2004-07-21
SEKUR,Katılım Endeksine Uygundur,Sekuro Plastik,Kimyasal Ürün,62745803,2013-10-02,2013-10-07
SELEC,Katılım Endeksine Uygundur,Selçuk Ecza Deposu,Sağlık ve İlaç,6498791,2006-04-21,
SELVA,Katılım Endeksine Uygundur,Selva Gıda,Gıda,124598722,2021-06-18,
SERNT,Katılım Endeksine Uygun Değildir,Seranit Granit,İnşaat Malzemeleri,181989829,2025-02-04,
SEYKM,Katılım Endeksine Uygun Değildir,Seyitler Kimya,Kimyasal Ürün,64309615,2015-07-28,2020-05-08
SILVR,Katılım Endeksine Uygundur,Silverline,Endüstriyel Makine -Teçhizat Üretim,64305346,2006-06-19,2006-06-23
SISE,Katılım Endeksine Uygun Değildir,Şişecam,Cam,6491731,1986-01-13,1986-01-03
SKBNK,Katılım Endeksine Uygun Değildir,Şekerbank,Bankacılık,6494306,1997-04-03,1997-04-10
SKTAS,Katılım Endeksine Uygun Değildir,Söktaş,Tekstil Entegre,64303266,1995-03-23,1995-04-03
SKYLP,Katılım Endeksine Uygun Değildir,Skyalp Fin. Tek.ve Danışmanlık,Diğer,64308450,2012-05-30,
SKYMD,Katılım Endeksine Uygun Değildir,Şeker Yatırım,Aracı Kurumlar,162435210,2023-09-08,2023-11-21
SMART,Katılım Endeksine Uygundur,Smartiks Yazılım,Teknoloji,134953128,2019-05-09,2019-05-16
SMRTG,Katılım Endeksine Uygundur,Smart Güneş Enerjisi,Elektrik Enerji Ürt.Teçh/Tesis Kurulum,134953128,2022-03-24,
SMRVA,Katılım Endeksine Uygun Değildir,Sümer Varlık Yönetim,Varlık Yönetim,180030706,2024-12-18,
SNGYO,Katılım Endeksine Uygundur,Sinpas GYO,GYO,64306319,2007-06-15,2007-06-22
SNICA,Katılım Endeksine Uygundur,Sanica Isı Sanayi,Dayanıklı Tüketim,146900594,2022-11-18,
SNKRN,Katılım Endeksine Uygun Değildir,Senkron Güvenlik,Teknoloji,64309410,2015-02-27,2015-03-04
SNPAM,Katılım Endeksine Uygun Değildir,Sönmez Pamuklu,Tekstil Entegre,64303268,1994-12-12,1994-12-26
SODSN,Katılım Endeksine Uygun Değildir,Sodaş Sodyum Sanayii,Kimyasal Ürün,120969699,,2012-05-31
SOKE,Katılım Endeksine Uygundur,Söke Değirmencilik,Gıda,64303313,2000-04-26,2000-04-26
SOKM,Katılım Endeksine Uygun Değildir,Şok Marketler,Perakande - Ticaret,44486722,2018-05-12,2018-05-18
SONME,Katılım Endeksine Uygun Değildir,Sönmez Filament,Tekstil Entegre,64303267,1991-09-23,1991-09-23
SRVGY,Katılım Endeksine Uygundur,Servet GYO,GYO,64308760,2013-04-18,2013-04-24
SUMAS,Katılım Endeksine Uygun Değildir,Sumas Mobilya,Mobilya,120974669,2018-01-01,
SUNTK,Katılım Endeksine Uygundur,Sun Tekstil,Tekstil Entegre,137604542,2022-05-20,2022-05-20
SURGY,Katılım Endeksine Uygundur,Sur GYO,GYO,162798611,,2023-12-14
SUWEN,Katılım Endeksine Uygundur,Suwen Tekstil,Tekstil Entegre,136638982,2022-04-21,
TABGD,Katılım Endeksine Uygun Değildir,Tab Gıda,Gıda,160626565,,2023-10-26
TARKM,Katılım Endeksine Uygundur,Tarkim,Tarım Kimyasalları,159005038,2023-09-06,2023-09-12
TATEN,Katılım Endeksine Uygun Değildir,Tatlıpınar Enerji,Elektrik Üretim,157824130,2023-08-17,2023-08-17
TATGD,Katılım Endeksine Uygun Değildir,Tat Gıda,Gıda,6495549,1993-07-28,
TAVHL,Katılım Endeksine Uygun Değildir,TAV Holding,Havayolları ve Hizm.,6499546,2007-02-16,
TBORG,Katılım Endeksine Uygun Değildir,Tuborg,Meşrubat / İçecek,64303278,1989-09-08,1989-11-29
TCELL,Katılım Endeksine Uygun Değildir,Turkcell,İletişim,6492797,2000-07-03,2000-07-11
TCKRC,Katılım Endeksine Uygun Değildir,Kıraç Galvaniz,Diğer,174106474,2024-08-15,
TDGYO,Katılım Endeksine Uygundur,Trend GYO,GYO,64310392,2018-02-16,2018-02-23
TEHOL,Katılım Endeksine Uygun Değildir,Tera Holding,Holdingler,64304012,,1992-10-10
TEKTU,Katılım Endeksine Uygun Değildir,Tek-Art Turizm,Turizm,64304015,2000-08-03,2000-08-10
TERA,Katılım Endeksine Uygun Değildir,Tera Yatırım,Aracı Kurumlar,61871287,2022-12-16,2022-12-22
TEZOL,Katılım Endeksine Uygundur,Europap Tezol,Kağıt Ürünleri,126742228,2021-09-10,2021-09-15
TGSAS,Katılım Endeksine Uygun Değildir,TGS Dış Ticaret,Pazarlama,64308462,2012-05-31,
THYAO,Katılım Endeksine Uygun Değildir,Türk Hava Yolları,Havayolları ve Hizm.,6495582,1990-12-20,
TKFEN,Katılım Endeksine Uygun Değildir,Tekfen Holding,İnşaat- Taahhüt,6499944,2007-11-16,2007-11-23
TKNSA,Katılım Endeksine Uygundur,Teknosa İç ve Dış Tic.,Perakande - Ticaret,10618082,2012-05-11,2012-05-17
TLMAN,Katılım Endeksine Uygun Değildir,Trabzon Liman İşletmeciliği,Ulaştırma-Lojistik,120974586,2018-01-19,2018-01-24
TMPOL,Katılım Endeksine Uygun Değildir,TE-MAPOL Polimer Plastik,Kimyasal Ürün,30353076,2013-12-09,
TMSN,Katılım Endeksine Uygundur,Tümosan Motor ve Traktör,Otomotiv,12111976,2012-11-30,2012-12-05
TNZTP,Katılım Endeksine Uygundur,Tapdi Oksijen,Sağlık ve İlaç,148878427,2023-01-06,
TOASO,Katılım Endeksine Uygun Değildir,Tofaş Fabrika,Otomotiv,6491727,1991-07-01,1991-07-01
TRCAS,Katılım Endeksine Uygun Değildir,Turcas Holding,Petrol,6494535,1992-06-04,
TRGYO,Katılım Endeksine Uygun Değildir,Torunlar GYO,GYO,8569750,2010-10-15,2010-10-21
TRHOL,Katılım Endeksine Uygun Değildir,Tera Finansal Yat. Holding,Holdingler,64303963,1994-08-18,
TRILC,Katılım Endeksine Uygun Değildir,Turk İlaç ve Serum Sanayi,Sağlık ve İlaç,120976967,2021-03-05,
TSGYO,Katılım Endeksine Uygun Değildir,TSKB GYO,GYO,64307799,2010-04-02,2010-04-09
TSKB,Katılım Endeksine Uygun Değildir,TSKB,Bankacılık,6493650,1986-04-10,1986-12-26
TSPOR,Katılım Endeksine Uygun Değildir,Trabzonspor A.Ş,Spor,64304816,2005-04-10,2005-04-10
TTKOM,Katılım Endeksine Uygun Değildir,Türk Telekom,İletişim,6500204,2008-05-09,2008-05-15
TTRAK,Katılım Endeksine Uygun Değildir,Türk Traktör,Otomotiv,6497303,2004-06-03,2004-06-04
TUCLK,Katılım Endeksine Uygundur,Tuğçelik Alüminyum ve Metal,Otomotiv Parçası,64309147,2014-06-12,2014-06-16
TUKAS,Katılım Endeksine Uygundur,Tukaş,Gıda,64303011,1994-11-22,
TUPRS,Katılım Endeksine Uygundur,Tüpraş,Petrol,6493639,1991-05-30,
TUREX,Katılım Endeksine Uygundur,Tureks Tur.Taşımacılık,Ulaştırma-Lojistik,121299605,2021-04-02,
TURGG,Katılım Endeksine Uygun Değildir,Türker Proje Gay.Gel.,GYO,120970374,2013-07-22,2013-07-24
TURSG,Katılım Endeksine Uygun Değildir,Türkiye Sigorta,Sigorta,120961744,1994-11-14,1995-01-25
UFUK,Katılım Endeksine Uygun Değildir,Ufuk Yat.Yön.ve Gay. AŞ.,Fin.Kiralama ve Faktoring,64303701,,2006-11-09
ULAS,Katılım Endeksine Uygundur,Ulaşlar Turizm Yatırımları,Turizm,120969744,2012-07-30,2012-08-06
ULKER,Katılım Endeksine Uygun Değildir,Ülker Bisküvi,Gıda,6497298,1996-10-14,2004-02-23
ULUFA,Katılım Endeksine Uygun Değildir,Ulusal Faktoring,Fin.Kiralama ve Faktoring,128847086,2021-11-05,
ULUSE,Katılım Endeksine Uygundur,Ulusoy Elektrik,Elektrik Enerji Ürt.Teçh/Tesis Kurulum,120972215,2014-11-13,
ULUUN,Katılım Endeksine Uygun Değildir,Ulusoy Un,Gıda,120972214,2014-11-14,2014-11-20
UMPAS,Katılım Endeksine Uygun Değildir,Umpaş Holding,Holdingler,120972184,2014-12-18,2014-12-18
UNLU,Katılım Endeksine Uygun Değildir,Ünlü Yatırım Holding,Aracı Kurumlar,124598721,2022-06-01,
USAK,Katılım Endeksine Uygundur,Uşak Seramik,Seramik,9938392,1990-11-28,1990-11-30
VAKBN,Katılım Endeksine Uygun Değildir,Vakıfbank,Bankacılık,6498365,,2005-11-18
VAKFN,Katılım Endeksine Uygun Değildir,Vakıf Fin. Kir.,Fin.Kiralama ve Faktoring,64303279,1991-04-24,1991-04-24
VAKKO,Katılım Endeksine Uygundur,Vakko Tekstil,Perakande - Ticaret,64303281,1998-03-30,1998-04-03
VANGD,Katılım Endeksine Uygundur,Vanet Gıda Sanayi,Gıda,64308283,,2011-08-18
VBTYZ,Katılım Endeksine Uygun Değildir,VBT Yazılım,Teknoloji,125137949,2021-07-06,
VERTU,Katılım Endeksine Uygun Değildir,Verusatürk Girişim Sermayesi,Yatırım Ortaklıkları,64309580,2015-11-12,2015-11-17
VERUS,Katılım Endeksine Uygun Değildir,Verusa Holding,Holdingler,118906960,2013-11-12,
VESBE,Katılım Endeksine Uygundur,Vestel Beyaz Esya,Dayanıklı Tüketim,6498792,2006-04-12,2006-04-21
VESTL,Katılım Endeksine Uygun Değildir,Vestel Elektronik,Dayanıklı Tüketim,6491732,1990-06-27,1990-06-27
VKFYO,Katılım Endeksine Uygun Değildir,Vakıf YO,Yatırım Ortaklıkları,64303691,1991-08-23,1991-06-20
VKGYO,Katılım Endeksine Uygun Değildir,Vakıf GYO,GYO,64303280,1996-12-24,1996-12-26
VKING,Katılım Endeksine Uygun Değildir,Viking Kağıt,Kağıt Ürünleri,8199172,1994-10-13,1994-10-24
VRGYO,Katılım Endeksine Uygundur,Vera GYO,GYO,160626564,2023-10-20,2023-10-27
VSNMD,Katılım Endeksine Uygun Değildir,Vişne Madencilik,Madencilik,182127535,,2025-02-11
YAPRK,Katılım Endeksine Uygun Değildir,Yaprak Süt & Besi Çiftlikleri,Gıda,120964720,,2011-05-13
YATAS,Katılım Endeksine Uygundur,Yataş Yatak,Mobilya,9938398,1996-08-08,1996-08-19
YAYLA,Katılım Endeksine Uygun Değildir,Yayla Enerji Uretim Turizm,Elektrik Üretim,137697464,2013-11-14,2015-07-10
YBTAS,Katılım Endeksine Uygun Değildir,Yibitaş İnş. Malzemeleri,İnşaat Malzemeleri,120969754,,2012-08-09
YEOTK,Katılım Endeksine Uygundur,YEO Teknoloji,İnşaat- Taahhüt,126415367,2021-08-31,2021-09-03
YESIL,Katılım Endeksine Uygun Değildir,Yeşil Yatırım Holding,Holdingler,64304496,2004-03-02,
YGGYO,Katılım Endeksine Uygun Değildir,Yeni Gimat GYO,GYO,64308911,,2013-08-16
YGYO,Katılım Endeksine Uygun Değildir,Yeşil GYO,GYO,64303360,,1997-12-23
YIGIT,Katılım Endeksine Uygun Değildir,Yiğit Akü,Otomotiv Parçası,170587780,2024-06-06,
YKBNK,Katılım Endeksine Uygun Değildir,Yapı Kredi Bankası,Bankacılık,6491733,1987-05-28,1987-05-28
YKSLN,Katılım Endeksine Uygun Değildir,Yükselen Çelik,Demir-Çelik Temel,120976162,2019-11-14,
YONGA,Katılım Endeksine Uygun Değildir,Yonga Mobilya Sanayi,Mobilya,120969741,2012-07-19,2012-07-19
YUNSA,Katılım Endeksine Uygundur,Yünsa,Tekstil Entegre,64303650,1990-04-06,1990-04-06
YYAPI,Katılım Endeksine Uygun Değildir,Yesil Yapi,İnşaat- Taahhüt,64303316,2004-03-02,
YYLGD,Katılım Endeksine Uygun Değildir,Yayla Agro Gıda,Gıda,137697464,2022-05-20,2022-05-20
ZEDUR,Katılım Endeksine Uygundur,Zedur Enerji,Elektrik Üretim,120964683,,2010-11-05
ZOREN,Katılım Endeksine Uygun Değildir,Zorlu Enerji,Elektrik Üretim,6494311,2000-05-17,2022-11-14
ZRGYO,Katılım Endeksine Uygun Değildir,Ziraat GYO,GYO,122419127,2021-04-30,2021-05-06
